ID Convênio,Convênio
1,Convênio 1
2,Convênio 2
3,Convênio 3
4,Convênio 4
5,Convênio 5
6,Convênio 6
7,Convênio 7
8,Convênio 8
9,Convênio 9
10,Convênio 10
11,Convênio 11
12,Convênio 12
13,Convênio 13
14,Convênio 14
15,Convênio 15
16,Convênio 16
17,Convênio 17
18,Convênio 18
19,Convênio 19
20,Convênio 20
21,Convênio 21
22,Convênio 22
23,Convênio 23
24,Convênio 24
25,Convênio 25
26,Convênio 26
27,Convênio 27
28,Convênio 28
29,Convênio 29
30,Convênio 30
31,Convênio 31
32,Convênio 32
33,Convênio 33
34,Convênio 34
35,Convênio 35
36,Convênio 36
37,Convênio 37
38,Convênio 38
39,Convênio 39
40,Convênio 40
41,Convênio 41
42,Convênio 42
43,Convênio 43
44,Convênio 44
45,Convênio 45
46,Convênio 46
47,Convênio 47
48,Convênio 48
49,Convênio 49
50,Convênio 50
51,Convênio 51
52,Convênio 52
53,Convênio 53
54,Convênio 54
55,Convênio 55
56,Convênio 56
57,Convênio 57
58,Convênio 58
59,Convênio 59
60,Convênio 60
61,Convênio 61
62,Convênio 62
63,Convênio 63
64,Convênio 64
65,Convênio 65
66,Convênio 66
67,Convênio 67
68,Convênio 68
69,Convênio 69
70,Convênio 70
71,Convênio 71
72,Convênio 72
73,Convênio 73
74,Convênio 74
75,Convênio 75
76,Convênio 76
77,Convênio 77
78,Convênio 78
79,Convênio 79
80,Convênio 80
81,Convênio 81
82,Convênio 82
83,Convênio 83
84,Convênio 84
85,Convênio 85
86,Convênio 86
87,Convênio 87
88,Convênio 88
89,Convênio 89
90,Convênio 90
91,Convênio 91
92,Convênio 92
93,Convênio 93
94,Convênio 94
95,Convênio 95
96,Convênio 96
97,Convênio 97
98,Convênio 98
99,Convênio 99
100,Convênio 100
101,Convênio 101
102,Convênio 102
103,Convênio 103
104,Convênio 104
105,Convênio 105
106,Convênio 106
107,Convênio 107
108,Convênio 108
109,Convênio 109
110,Convênio 110
111,Convênio 111
112,Convênio 112
113,Convênio 113
114,Convênio 114
115,Convênio 115
116,Convênio 116
117,Convênio 117
118,Convênio 118
119,Convênio 119
