ID Procedimento,Procedimento
1,Procedimento 1
2,Procedimento 2
3,Procedimento 3
4,Procedimento 4
5,Procedimento 5
6,Procedimento 6
7,Procedimento 7
8,Procedimento 8
9,Procedimento 9
10,Procedimento 10
11,Procedimento 11
12,Procedimento 12
13,Procedimento 13
14,Procedimento 14
15,Procedimento 15
16,Procedimento 16
17,Procedimento 17
18,Procedimento 18
19,Procedimento 19
20,Procedimento 20
21,Procedimento 21
22,Procedimento 22
23,Procedimento 23
24,Procedimento 24
25,Procedimento 25
26,Procedimento 26
27,Procedimento 27
28,Procedimento 28
29,Procedimento 29
30,Procedimento 30
31,Procedimento 31
32,Procedimento 32
33,Procedimento 33
34,Procedimento 34
35,Procedimento 35
36,Procedimento 36
37,Procedimento 37
38,Procedimento 38
39,Procedimento 39
40,Procedimento 40
41,Procedimento 41
42,Procedimento 42
43,Procedimento 43
44,Procedimento 44
45,Procedimento 45
46,Procedimento 46
47,Procedimento 47
48,Procedimento 48
49,Procedimento 49
50,Procedimento 50
51,Procedimento 51
52,Procedimento 52
53,Procedimento 53
54,Procedimento 54
55,Procedimento 55
56,Procedimento 56
57,Procedimento 57
58,Procedimento 58
59,Procedimento 59
60,Procedimento 60
61,Procedimento 61
62,Procedimento 62
63,Procedimento 63
64,Procedimento 64
65,Procedimento 65
66,Procedimento 66
67,Procedimento 67
68,Procedimento 68
69,Procedimento 69
70,Procedimento 70
71,Procedimento 71
72,Procedimento 72
73,Procedimento 73
74,Procedimento 74
75,Procedimento 75
76,Procedimento 76
77,Procedimento 77
78,Procedimento 78
79,Procedimento 79
80,Procedimento 80
81,Procedimento 81
82,Procedimento 82
83,Procedimento 83
84,Procedimento 84
85,Procedimento 85
86,Procedimento 86
87,Procedimento 87
88,Procedimento 88
89,Procedimento 89
90,Procedimento 90
91,Procedimento 91
92,Procedimento 92
93,Procedimento 93
94,Procedimento 94
95,Procedimento 95
96,Procedimento 96
97,Procedimento 97
98,Procedimento 98
99,Procedimento 99
100,Procedimento 100
101,Procedimento 101
102,Procedimento 102
103,Procedimento 103
104,Procedimento 104
105,Procedimento 105
106,Procedimento 106
107,Procedimento 107
108,Procedimento 108
109,Procedimento 109
110,Procedimento 110
111,Procedimento 111
112,Procedimento 112
113,Procedimento 113
114,Procedimento 114
115,Procedimento 115
116,Procedimento 116
117,Procedimento 117
118,Procedimento 118
119,Procedimento 119
120,Procedimento 120
121,Procedimento 121
122,Procedimento 122
123,Procedimento 123
124,Procedimento 124
125,Procedimento 125
126,Procedimento 126
127,Procedimento 127
128,Procedimento 128
129,Procedimento 129
130,Procedimento 130
131,Procedimento 131
132,Procedimento 132
133,Procedimento 133
134,Procedimento 134
135,Procedimento 135
136,Procedimento 136
137,Procedimento 137
138,Procedimento 138
139,Procedimento 139
140,Procedimento 140
141,Procedimento 141
142,Procedimento 142
143,Procedimento 143
144,Procedimento 144
145,Procedimento 145
146,Procedimento 146
147,Procedimento 147
148,Procedimento 148
149,Procedimento 149
150,Procedimento 150
151,Procedimento 151
152,Procedimento 152
153,Procedimento 153
154,Procedimento 154
155,Procedimento 155
156,Procedimento 156
157,Procedimento 157
158,Procedimento 158
159,Procedimento 159
160,Procedimento 160
161,Procedimento 161
162,Procedimento 162
163,Procedimento 163
164,Procedimento 164
165,Procedimento 165
166,Procedimento 166
167,Procedimento 167
168,Procedimento 168
169,Procedimento 169
170,Procedimento 170
171,Procedimento 171
172,Procedimento 172
173,Procedimento 173
174,Procedimento 174
175,Procedimento 175
176,Procedimento 176
177,Procedimento 177
178,Procedimento 178
179,Procedimento 179
180,Procedimento 180
181,Procedimento 181
182,Procedimento 182
183,Procedimento 183
184,Procedimento 184
185,Procedimento 185
186,Procedimento 186
187,Procedimento 187
188,Procedimento 188
189,Procedimento 189
190,Procedimento 190
191,Procedimento 191
192,Procedimento 192
193,Procedimento 193
194,Procedimento 194
195,Procedimento 195
196,Procedimento 196
197,Procedimento 197
198,Procedimento 198
199,Procedimento 199
200,Procedimento 200
201,Procedimento 201
202,Procedimento 202
203,Procedimento 203
204,Procedimento 204
205,Procedimento 205
206,Procedimento 206
207,Procedimento 207
208,Procedimento 208
209,Procedimento 209
210,Procedimento 210
211,Procedimento 211
212,Procedimento 212
213,Procedimento 213
214,Procedimento 214
215,Procedimento 215
216,Procedimento 216
217,Procedimento 217
218,Procedimento 218
219,Procedimento 219
220,Procedimento 220
221,Procedimento 221
222,Procedimento 222
223,Procedimento 223
224,Procedimento 224
225,Procedimento 225
226,Procedimento 226
227,Procedimento 227
228,Procedimento 228
229,Procedimento 229
230,Procedimento 230
231,Procedimento 231
232,Procedimento 232
233,Procedimento 233
234,Procedimento 234
235,Procedimento 235
236,Procedimento 236
237,Procedimento 237
238,Procedimento 238
239,Procedimento 239
240,Procedimento 240
241,Procedimento 241
242,Procedimento 242
243,Procedimento 243
244,Procedimento 244
245,Procedimento 245
246,Procedimento 246
247,Procedimento 247
248,Procedimento 248
249,Procedimento 249
250,Procedimento 250
251,Procedimento 251
252,Procedimento 252
253,Procedimento 253
254,Procedimento 254
255,Procedimento 255
256,Procedimento 256
257,Procedimento 257
258,Procedimento 258
259,Procedimento 259
260,Procedimento 260
261,Procedimento 261
262,Procedimento 262
263,Procedimento 263
264,Procedimento 264
265,Procedimento 265
266,Procedimento 266
267,Procedimento 267
268,Procedimento 268
269,Procedimento 269
270,Procedimento 270
271,Procedimento 271
272,Procedimento 272
273,Procedimento 273
274,Procedimento 274
275,Procedimento 275
276,Procedimento 276
277,Procedimento 277
278,Procedimento 278
279,Procedimento 279
280,Procedimento 280
281,Procedimento 281
282,Procedimento 282
283,Procedimento 283
284,Procedimento 284
285,Procedimento 285
286,Procedimento 286
287,Procedimento 287
288,Procedimento 288
289,Procedimento 289
290,Procedimento 290
291,Procedimento 291
292,Procedimento 292
293,Procedimento 293
294,Procedimento 294
295,Procedimento 295
296,Procedimento 296
297,Procedimento 297
298,Procedimento 298
299,Procedimento 299
300,Procedimento 300
301,Procedimento 301
302,Procedimento 302
303,Procedimento 303
304,Procedimento 304
305,Procedimento 305
306,Procedimento 306
307,Procedimento 307
308,Procedimento 308
309,Procedimento 309
310,Procedimento 310
311,Procedimento 311
312,Procedimento 312
313,Procedimento 313
314,Procedimento 314
315,Procedimento 315
316,Procedimento 316
317,Procedimento 317
318,Procedimento 318
319,Procedimento 319
320,Procedimento 320
321,Procedimento 321
322,Procedimento 322
323,Procedimento 323
324,Procedimento 324
325,Procedimento 325
326,Procedimento 326
327,Procedimento 327
328,Procedimento 328
329,Procedimento 329
330,Procedimento 330
331,Procedimento 331
332,Procedimento 332
333,Procedimento 333
334,Procedimento 334
335,Procedimento 335
336,Procedimento 336
337,Procedimento 337
338,Procedimento 338
339,Procedimento 339
340,Procedimento 340
341,Procedimento 341
342,Procedimento 342
343,Procedimento 343
344,Procedimento 344
345,Procedimento 345
346,Procedimento 346
347,Procedimento 347
348,Procedimento 348
349,Procedimento 349
350,Procedimento 350
351,Procedimento 351
352,Procedimento 352
353,Procedimento 353
354,Procedimento 354
355,Procedimento 355
356,Procedimento 356
357,Procedimento 357
358,Procedimento 358
359,Procedimento 359
360,Procedimento 360
361,Procedimento 361
362,Procedimento 362
363,Procedimento 363
364,Procedimento 364
365,Procedimento 365
366,Procedimento 366
367,Procedimento 367
368,Procedimento 368
369,Procedimento 369
370,Procedimento 370
371,Procedimento 371
372,Procedimento 372
373,Procedimento 373
374,Procedimento 374
375,Procedimento 375
376,Procedimento 376
377,Procedimento 377
378,Procedimento 378
379,Procedimento 379
380,Procedimento 380
381,Procedimento 381
382,Procedimento 382
383,Procedimento 383
384,Procedimento 384
385,Procedimento 385
386,Procedimento 386
387,Procedimento 387
388,Procedimento 388
389,Procedimento 389
390,Procedimento 390
391,Procedimento 391
392,Procedimento 392
393,Procedimento 393
394,Procedimento 394
395,Procedimento 395
396,Procedimento 396
397,Procedimento 397
398,Procedimento 398
399,Procedimento 399
400,Procedimento 400
401,Procedimento 401
402,Procedimento 402
403,Procedimento 403
404,Procedimento 404
405,Procedimento 405
406,Procedimento 406
407,Procedimento 407
408,Procedimento 408
409,Procedimento 409
410,Procedimento 410
411,Procedimento 411
412,Procedimento 412
413,Procedimento 413
414,Procedimento 414
415,Procedimento 415
416,Procedimento 416
417,Procedimento 417
418,Procedimento 418
419,Procedimento 419
420,Procedimento 420
421,Procedimento 421
422,Procedimento 422
423,Procedimento 423
424,Procedimento 424
425,Procedimento 425
426,Procedimento 426
427,Procedimento 427
428,Procedimento 428
429,Procedimento 429
430,Procedimento 430
431,Procedimento 431
432,Procedimento 432
433,Procedimento 433
434,Procedimento 434
435,Procedimento 435
436,Procedimento 436
437,Procedimento 437
438,Procedimento 438
439,Procedimento 439
440,Procedimento 440
441,Procedimento 441
442,Procedimento 442
443,Procedimento 443
444,Procedimento 444
445,Procedimento 445
446,Procedimento 446
447,Procedimento 447
448,Procedimento 448
449,Procedimento 449
450,Procedimento 450
451,Procedimento 451
452,Procedimento 452
453,Procedimento 453
454,Procedimento 454
455,Procedimento 455
456,Procedimento 456
457,Procedimento 457
458,Procedimento 458
459,Procedimento 459
460,Procedimento 460
461,Procedimento 461
462,Procedimento 462
463,Procedimento 463
464,Procedimento 464
465,Procedimento 465
466,Procedimento 466
467,Procedimento 467
468,Procedimento 468
469,Procedimento 469
470,Procedimento 470
471,Procedimento 471
472,Procedimento 472
473,Procedimento 473
474,Procedimento 474
475,Procedimento 475
476,Procedimento 476
477,Procedimento 477
478,Procedimento 478
479,Procedimento 479
480,Procedimento 480
481,Procedimento 481
482,Procedimento 482
483,Procedimento 483
484,Procedimento 484
485,Procedimento 485
486,Procedimento 486
487,Procedimento 487
488,Procedimento 488
489,Procedimento 489
490,Procedimento 490
491,Procedimento 491
492,Procedimento 492
493,Procedimento 493
494,Procedimento 494
495,Procedimento 495
496,Procedimento 496
497,Procedimento 497
498,Procedimento 498
499,Procedimento 499
500,Procedimento 500
501,Procedimento 501
502,Procedimento 502
503,Procedimento 503
504,Procedimento 504
505,Procedimento 505
506,Procedimento 506
507,Procedimento 507
508,Procedimento 508
509,Procedimento 509
510,Procedimento 510
511,Procedimento 511
512,Procedimento 512
513,Procedimento 513
514,Procedimento 514
515,Procedimento 515
516,Procedimento 516
517,Procedimento 517
518,Procedimento 518
519,Procedimento 519
520,Procedimento 520
521,Procedimento 521
522,Procedimento 522
523,Procedimento 523
524,Procedimento 524
525,Procedimento 525
526,Procedimento 526
527,Procedimento 527
528,Procedimento 528
529,Procedimento 529
530,Procedimento 530
531,Procedimento 531
532,Procedimento 532
533,Procedimento 533
534,Procedimento 534
535,Procedimento 535
536,Procedimento 536
537,Procedimento 537
538,Procedimento 538
539,Procedimento 539
540,Procedimento 540
541,Procedimento 541
542,Procedimento 542
543,Procedimento 543
544,Procedimento 544
545,Procedimento 545
546,Procedimento 546
547,Procedimento 547
548,Procedimento 548
549,Procedimento 549
550,Procedimento 550
551,Procedimento 551
552,Procedimento 552
553,Procedimento 553
554,Procedimento 554
555,Procedimento 555
556,Procedimento 556
557,Procedimento 557
558,Procedimento 558
559,Procedimento 559
560,Procedimento 560
561,Procedimento 561
562,Procedimento 562
563,Procedimento 563
564,Procedimento 564
565,Procedimento 565
566,Procedimento 566
567,Procedimento 567
568,Procedimento 568
569,Procedimento 569
570,Procedimento 570
571,Procedimento 571
572,Procedimento 572
573,Procedimento 573
574,Procedimento 574
575,Procedimento 575
576,Procedimento 576
577,Procedimento 577
578,Procedimento 578
579,Procedimento 579
580,Procedimento 580
581,Procedimento 581
582,Procedimento 582
583,Procedimento 583
584,Procedimento 584
585,Procedimento 585
586,Procedimento 586
587,Procedimento 587
588,Procedimento 588
589,Procedimento 589
590,Procedimento 590
591,Procedimento 591
592,Procedimento 592
593,Procedimento 593
594,Procedimento 594
595,Procedimento 595
596,Procedimento 596
597,Procedimento 597
598,Procedimento 598
599,Procedimento 599
600,Procedimento 600
601,Procedimento 601
602,Procedimento 602
603,Procedimento 603
604,Procedimento 604
605,Procedimento 605
606,Procedimento 606
607,Procedimento 607
608,Procedimento 608
609,Procedimento 609
610,Procedimento 610
611,Procedimento 611
612,Procedimento 612
613,Procedimento 613
614,Procedimento 614
615,Procedimento 615
616,Procedimento 616
617,Procedimento 617
618,Procedimento 618
619,Procedimento 619
620,Procedimento 620
621,Procedimento 621
622,Procedimento 622
623,Procedimento 623
624,Procedimento 624
625,Procedimento 625
626,Procedimento 626
627,Procedimento 627
628,Procedimento 628
629,Procedimento 629
630,Procedimento 630
631,Procedimento 631
632,Procedimento 632
633,Procedimento 633
634,Procedimento 634
635,Procedimento 635
636,Procedimento 636
637,Procedimento 637
638,Procedimento 638
639,Procedimento 639
640,Procedimento 640
641,Procedimento 641
642,Procedimento 642
643,Procedimento 643
644,Procedimento 644
645,Procedimento 645
646,Procedimento 646
647,Procedimento 647
648,Procedimento 648
649,Procedimento 649
650,Procedimento 650
651,Procedimento 651
652,Procedimento 652
653,Procedimento 653
654,Procedimento 654
655,Procedimento 655
656,Procedimento 656
657,Procedimento 657
658,Procedimento 658
659,Procedimento 659
660,Procedimento 660
661,Procedimento 661
662,Procedimento 662
663,Procedimento 663
664,Procedimento 664
665,Procedimento 665
666,Procedimento 666
667,Procedimento 667
668,Procedimento 668
669,Procedimento 669
670,Procedimento 670
671,Procedimento 671
672,Procedimento 672
673,Procedimento 673
674,Procedimento 674
675,Procedimento 675
676,Procedimento 676
677,Procedimento 677
678,Procedimento 678
679,Procedimento 679
680,Procedimento 680
681,Procedimento 681
682,Procedimento 682
683,Procedimento 683
684,Procedimento 684
685,Procedimento 685
686,Procedimento 686
687,Procedimento 687
688,Procedimento 688
689,Procedimento 689
690,Procedimento 690
691,Procedimento 691
692,Procedimento 692
693,Procedimento 693
694,Procedimento 694
695,Procedimento 695
696,Procedimento 696
697,Procedimento 697
698,Procedimento 698
699,Procedimento 699
700,Procedimento 700
701,Procedimento 701
702,Procedimento 702
703,Procedimento 703
704,Procedimento 704
705,Procedimento 705
706,Procedimento 706
707,Procedimento 707
708,Procedimento 708
709,Procedimento 709
710,Procedimento 710
711,Procedimento 711
712,Procedimento 712
713,Procedimento 713
714,Procedimento 714
715,Procedimento 715
716,Procedimento 716
717,Procedimento 717
718,Procedimento 718
719,Procedimento 719
720,Procedimento 720
721,Procedimento 721
722,Procedimento 722
723,Procedimento 723
724,Procedimento 724
725,Procedimento 725
726,Procedimento 726
727,Procedimento 727
728,Procedimento 728
729,Procedimento 729
730,Procedimento 730
731,Procedimento 731
732,Procedimento 732
733,Procedimento 733
734,Procedimento 734
735,Procedimento 735
736,Procedimento 736
737,Procedimento 737
738,Procedimento 738
739,Procedimento 739
740,Procedimento 740
741,Procedimento 741
742,Procedimento 742
743,Procedimento 743
744,Procedimento 744
745,Procedimento 745
746,Procedimento 746
747,Procedimento 747
748,Procedimento 748
749,Procedimento 749
750,Procedimento 750
751,Procedimento 751
752,Procedimento 752
753,Procedimento 753
754,Procedimento 754
755,Procedimento 755
756,Procedimento 756
757,Procedimento 757
758,Procedimento 758
759,Procedimento 759
760,Procedimento 760
761,Procedimento 761
762,Procedimento 762
763,Procedimento 763
764,Procedimento 764
765,Procedimento 765
766,Procedimento 766
767,Procedimento 767
768,Procedimento 768
769,Procedimento 769
770,Procedimento 770
771,Procedimento 771
772,Procedimento 772
773,Procedimento 773
774,Procedimento 774
775,Procedimento 775
776,Procedimento 776
777,Procedimento 777
778,Procedimento 778
779,Procedimento 779
780,Procedimento 780
781,Procedimento 781
782,Procedimento 782
783,Procedimento 783
784,Procedimento 784
785,Procedimento 785
786,Procedimento 786
787,Procedimento 787
788,Procedimento 788
789,Procedimento 789
790,Procedimento 790
791,Procedimento 791
792,Procedimento 792
793,Procedimento 793
794,Procedimento 794
795,Procedimento 795
796,Procedimento 796
797,Procedimento 797
798,Procedimento 798
799,Procedimento 799
800,Procedimento 800
801,Procedimento 801
802,Procedimento 802
803,Procedimento 803
804,Procedimento 804
805,Procedimento 805
806,Procedimento 806
807,Procedimento 807
808,Procedimento 808
809,Procedimento 809
810,Procedimento 810
811,Procedimento 811
812,Procedimento 812
813,Procedimento 813
814,Procedimento 814
815,Procedimento 815
816,Procedimento 816
817,Procedimento 817
818,Procedimento 818
819,Procedimento 819
820,Procedimento 820
821,Procedimento 821
822,Procedimento 822
823,Procedimento 823
824,Procedimento 824
825,Procedimento 825
826,Procedimento 826
827,Procedimento 827
828,Procedimento 828
829,Procedimento 829
830,Procedimento 830
831,Procedimento 831
832,Procedimento 832
833,Procedimento 833
834,Procedimento 834
835,Procedimento 835
836,Procedimento 836
837,Procedimento 837
838,Procedimento 838
839,Procedimento 839
840,Procedimento 840
841,Procedimento 841
842,Procedimento 842
843,Procedimento 843
844,Procedimento 844
845,Procedimento 845
846,Procedimento 846
847,Procedimento 847
848,Procedimento 848
849,Procedimento 849
850,Procedimento 850
851,Procedimento 851
852,Procedimento 852
853,Procedimento 853
854,Procedimento 854
855,Procedimento 855
856,Procedimento 856
857,Procedimento 857
858,Procedimento 858
859,Procedimento 859
860,Procedimento 860
861,Procedimento 861
862,Procedimento 862
863,Procedimento 863
864,Procedimento 864
865,Procedimento 865
866,Procedimento 866
867,Procedimento 867
868,Procedimento 868
869,Procedimento 869
870,Procedimento 870
871,Procedimento 871
872,Procedimento 872
873,Procedimento 873
874,Procedimento 874
875,Procedimento 875
876,Procedimento 876
877,Procedimento 877
878,Procedimento 878
879,Procedimento 879
880,Procedimento 880
881,Procedimento 881
882,Procedimento 882
883,Procedimento 883
884,Procedimento 884
885,Procedimento 885
886,Procedimento 886
887,Procedimento 887
888,Procedimento 888
889,Procedimento 889
890,Procedimento 890
891,Procedimento 891
892,Procedimento 892
893,Procedimento 893
894,Procedimento 894
895,Procedimento 895
896,Procedimento 896
897,Procedimento 897
898,Procedimento 898
899,Procedimento 899
900,Procedimento 900
901,Procedimento 901
902,Procedimento 902
903,Procedimento 903
904,Procedimento 904
905,Procedimento 905
906,Procedimento 906
907,Procedimento 907
908,Procedimento 908
909,Procedimento 909
910,Procedimento 910
911,Procedimento 911
912,Procedimento 912
913,Procedimento 913
914,Procedimento 914
915,Procedimento 915
916,Procedimento 916
917,Procedimento 917
918,Procedimento 918
919,Procedimento 919
920,Procedimento 920
921,Procedimento 921
922,Procedimento 922
923,Procedimento 923
924,Procedimento 924
925,Procedimento 925
926,Procedimento 926
927,Procedimento 927
928,Procedimento 928
929,Procedimento 929
930,Procedimento 930
931,Procedimento 931
932,Procedimento 932
933,Procedimento 933
934,Procedimento 934
935,Procedimento 935
936,Procedimento 936
937,Procedimento 937
938,Procedimento 938
939,Procedimento 939
940,Procedimento 940
941,Procedimento 941
942,Procedimento 942
943,Procedimento 943
944,Procedimento 944
945,Procedimento 945
946,Procedimento 946
947,Procedimento 947
948,Procedimento 948
949,Procedimento 949
950,Procedimento 950
951,Procedimento 951
952,Procedimento 952
953,Procedimento 953
954,Procedimento 954
955,Procedimento 955
956,Procedimento 956
957,Procedimento 957
958,Procedimento 958
959,Procedimento 959
960,Procedimento 960
961,Procedimento 961
962,Procedimento 962
963,Procedimento 963
964,Procedimento 964
965,Procedimento 965
966,Procedimento 966
967,Procedimento 967
968,Procedimento 968
969,Procedimento 969
970,Procedimento 970
971,Procedimento 971
972,Procedimento 972
973,Procedimento 973
974,Procedimento 974
975,Procedimento 975
976,Procedimento 976
977,Procedimento 977
978,Procedimento 978
979,Procedimento 979
980,Procedimento 980
981,Procedimento 981
982,Procedimento 982
983,Procedimento 983
984,Procedimento 984
985,Procedimento 985
986,Procedimento 986
987,Procedimento 987
988,Procedimento 988
989,Procedimento 989
990,Procedimento 990
991,Procedimento 991
992,Procedimento 992
993,Procedimento 993
994,Procedimento 994
995,Procedimento 995
996,Procedimento 996
997,Procedimento 997
998,Procedimento 998
999,Procedimento 999
1000,Procedimento 1000
1001,Procedimento 1001
1002,Procedimento 1002
1003,Procedimento 1003
1004,Procedimento 1004
1005,Procedimento 1005
1006,Procedimento 1006
1007,Procedimento 1007
1008,Procedimento 1008
1009,Procedimento 1009
1010,Procedimento 1010
1011,Procedimento 1011
1012,Procedimento 1012
1013,Procedimento 1013
1014,Procedimento 1014
1015,Procedimento 1015
1016,Procedimento 1016
1017,Procedimento 1017
1018,Procedimento 1018
1019,Procedimento 1019
1020,Procedimento 1020
1021,Procedimento 1021
1022,Procedimento 1022
1023,Procedimento 1023
1024,Procedimento 1024
1025,Procedimento 1025
1026,Procedimento 1026
1027,Procedimento 1027
1028,Procedimento 1028
1029,Procedimento 1029
1030,Procedimento 1030
1031,Procedimento 1031
1032,Procedimento 1032
1033,Procedimento 1033
1034,Procedimento 1034
1035,Procedimento 1035
1036,Procedimento 1036
1037,Procedimento 1037
1038,Procedimento 1038
1039,Procedimento 1039
1040,Procedimento 1040
1041,Procedimento 1041
1042,Procedimento 1042
1043,Procedimento 1043
1044,Procedimento 1044
1045,Procedimento 1045
1046,Procedimento 1046
1047,Procedimento 1047
1048,Procedimento 1048
1049,Procedimento 1049
1050,Procedimento 1050
1051,Procedimento 1051
1052,Procedimento 1052
1053,Procedimento 1053
1054,Procedimento 1054
1055,Procedimento 1055
1056,Procedimento 1056
1057,Procedimento 1057
1058,Procedimento 1058
1059,Procedimento 1059
1060,Procedimento 1060
