ID Recepcionista,Recepcionista
1,Recepcionista 1
2,Recepcionista 2
3,Recepcionista 3
4,Recepcionista 4
5,Recepcionista 5
6,Recepcionista 6
7,Recepcionista 7
8,Recepcionista 8
9,Recepcionista 9
10,Recepcionista 10
11,Recepcionista 11
12,Recepcionista 12
13,Recepcionista 13
14,Recepcionista 14
15,Recepcionista 15
16,Recepcionista 16
17,Recepcionista 17
18,Recepcionista 18
19,Recepcionista 19
20,Recepcionista 20
21,Recepcionista 21
22,Recepcionista 22
23,Recepcionista 23
24,Recepcionista 24
25,Recepcionista 25
26,Recepcionista 26
27,Recepcionista 27
28,Recepcionista 28
29,Recepcionista 29
30,Recepcionista 30
31,Recepcionista 31
32,Recepcionista 32
33,Recepcionista 33
34,Recepcionista 34
35,Recepcionista 35
36,Recepcionista 36
37,Recepcionista 37
38,Recepcionista 38
39,Recepcionista 39
40,Recepcionista 40
41,Recepcionista 41
42,Recepcionista 42
43,Recepcionista 43
44,Recepcionista 44
45,Recepcionista 45
46,Recepcionista 46
47,Recepcionista 47
48,Recepcionista 48
49,Recepcionista 49
50,Recepcionista 50
51,Recepcionista 51
52,Recepcionista 52
53,Recepcionista 53
54,Recepcionista 54
55,Recepcionista 55
56,Recepcionista 56
57,Recepcionista 57
58,Recepcionista 58
59,Recepcionista 59
60,Recepcionista 60
61,Recepcionista 61
62,Recepcionista 62
63,Recepcionista 63
64,Recepcionista 64
65,Recepcionista 65
66,Recepcionista 66
67,Recepcionista 67
68,Recepcionista 68
69,Recepcionista 69
70,Recepcionista 70
71,Recepcionista 71
72,Recepcionista 72
73,Recepcionista 73
74,Recepcionista 74
75,Recepcionista 75
76,Recepcionista 76
77,Recepcionista 77
78,Recepcionista 78
79,Recepcionista 79
80,Recepcionista 80
81,Recepcionista 81
82,Recepcionista 82
83,Recepcionista 83
84,Recepcionista 84
85,Recepcionista 85
86,Recepcionista 86
87,Recepcionista 87
88,Recepcionista 88
89,Recepcionista 89
90,Recepcionista 90
91,Recepcionista 91
92,Recepcionista 92
93,Recepcionista 93
94,Recepcionista 94
95,Recepcionista 95
96,Recepcionista 96
97,Recepcionista 97
98,Recepcionista 98
99,Recepcionista 99
100,Recepcionista 100
101,Recepcionista 101
102,Recepcionista 102
103,Recepcionista 103
104,Recepcionista 104
105,Recepcionista 105
106,Recepcionista 106
107,Recepcionista 107
108,Recepcionista 108
109,Recepcionista 109
110,Recepcionista 110
111,Recepcionista 111
112,Recepcionista 112
113,Recepcionista 113
114,Recepcionista 114
115,Recepcionista 115
116,Recepcionista 116
117,Recepcionista 117
118,Recepcionista 118
119,Recepcionista 119
120,Recepcionista 120
121,Recepcionista 121
122,Recepcionista 122
123,Recepcionista 123
124,Recepcionista 124
125,Recepcionista 125
126,Recepcionista 126
127,Recepcionista 127
128,Recepcionista 128
129,Recepcionista 129
130,Recepcionista 130
